variant,mean_min_per_dau,std_min_per_dau,n_days,se,ci95
Control_1,1.462,0.8234025969929253,50,0.11644671199606227,0.22823555551228203
Control_2,1.4726,0.8309296735879516,50,0.117511201376633,0.23032195469820066
Control_3,1.4744,0.8312964057938146,50,0.11756306514256205,0.23042360767942163
LessExpensive,1.4554,0.8200104777827351,50,0.11596699389683854,0.22729530803780354
MoreExpensive,1.4487999999999999,0.8092870129859709,50,0.11445046696171711,0.22432291524496553
