variant,camp_share,level_share,event_share
Control_1,0.18171817301815266,0.09559349853474643,0.7226883284471008
Control_2,0.18062524061553667,0.09488495228783163,0.7244898070966317
Control_3,0.18121769281725816,0.09406292409186667,0.7247193830908751
LessExpensive,0.18211847631413855,0.09518429670941454,0.7226972269764469
MoreExpensive,0.1871008197576416,0.0945287504684575,0.7183704297739009
