"variant","users","payers","payer_rate_pct","total_usd","arpu"
"Control_1",385918,38091,9.87,2643931.7514170557,6.851
"Control_2",385661,38083,9.87,2580761.6736531355,6.6918
"Control_3",387336,38248,9.87,2531815.252145038,6.5365
"LessExpensive",386628,38369,9.92,2518627.7156098923,6.5143
"MoreExpensive",387332,38181,9.86,2585990.2786954283,6.6764
